{"Name":"maintainable1","CurrentState":0.40208563208580019,"Speed":-0.009999999776482582,"NeedThresholdToMaintain":true,"Threshold":0.20000000298023225,"FillingTime":1.0,"baseColor":{"r":0.06305420398712158,"g":1.0,"b":0.0,"a":1.0},"warningColor":{"r":1.0,"g":0.3368608355522156,"b":0.0,"a":1.0}}