{"Name":"maintainable1","CurrentState":0.40208563208580019,"Speed":-0.009999999776482582,"NeedThresholdToMaintain":true,"Threshold":0.20000000298023225,"FillingTime":1.0,"BaseMaterial":{"instanceID":47216},"WarningMaterial":{"instanceID":48712}}