{"Name":"playTest","CurrentCycle":2,"SavedObjects":[{"Name":"PostIt-106","Position":{"x":-0.7818647623062134,"y":0.8089998960494995,"z":-4.655878067016602},"Rotation":{"x":0.6966962218284607,"y":0.12089121341705322,"z":0.12089124321937561,"w":-0.696695864200592},"Scale":{"x":0.5462042093276978,"y":0.5462042689323425,"z":0.5462043285369873},"PrefabPath":"PostIt","IsActivated":false,"PostItText":"le bleu s'allume ?","EventInteractionsTofix":[],"EventInteractionsToBreak":[]},{"Name":"PostIt-1004","Position":{"x":0.6246738433837891,"y":0.6467227935791016,"z":-4.434000015258789},"Rotation":{"x":2.9802322387695315e-8,"y":-1.8625883058120963e-9,"z":-2.7939504043672516e-9,"w":1.0},"Scale":{"x":0.5462042093276978,"y":0.546204149723053,"z":0.5462042689323425},"PrefabPath":"PostIt","IsActivated":false,"PostItText":"ta mère la péripapétitienne","EventInteractionsTofix":[],"EventInteractionsToBreak":[]},{"Name":"Event1","Position":{"x":0.5651973485946655,"y":1.3968826532363892,"z":-5.8020453453063969},"Rotation":{"x":0.0,"y":0.0,"z":0.0,"w":1.0},"Scale":{"x":1.0,"y":1.0,"z":1.0},"PrefabPath":"","IsActivated":false,"PostItText":"","EventInteractionsTofix":["Button"],"EventInteractionsToBreak":["Button (1)"]}]}