{"MaxTime":330.0,"TaskAppearanceTimeInSec":{"x":230.75323486328126,"y":330.0},"FirstCycleStartTime":60.0,"CurrentTimeLeft":248.03057861328126}