{"Name":"Temperature","CurrentState":0.4333500564098358,"FirstCycleState":0.6000000238418579,"Speed":-0.004000000189989805,"NeedThresholdToMaintain":true,"Threshold":0.009999999776482582,"FillingTime":13.0,"BaseMaterial":{"instanceID":11638},"WarningMaterial":{"instanceID":0}}