{"Name":"Temperature","CurrentState":0.02316909469664097,"FirstCycleState":0.6000000238418579,"Speed":-0.004000000189989805,"NeedThresholdToMaintain":true,"Threshold":0.009999999776482582,"FillingTime":13.0,"BaseMaterial":{"instanceID":11636},"WarningMaterial":{"instanceID":0}}