{"Name":"Energy","CurrentState":0.5018212795257568,"FirstCycleState":0.75,"Speed":-0.004000000189989805,"NeedThresholdToMaintain":true,"Threshold":0.009999999776482582,"FillingTime":4.0,"BaseMaterial":{"instanceID":12948},"WarningMaterial":{"instanceID":0}}