{"Name":"Build1","CurrentCycle":1,"SavedObjects":[{"Name":"PostIt-1310","Position":{"x":-0.31635236740112307,"y":0.050852954387664798,"z":0.6702511310577393},"Rotation":{"x":-0.13926191627979279,"y":0.8141900897026062,"z":0.5197141766548157,"w":0.2181691974401474},"Scale":{"x":0.5462046265602112,"y":0.5462044477462769,"z":0.5462045073509216},"PrefabPath":"PostIt","IsActivated":false,"PostItText":"first dévanote !","CycleNum":1,"VoteNum":0,"EventInteractionsTofix":[],"EventInteractionsToBreak":[]},{"Name":"Lever","Position":{"x":-1.3259999752044678,"y":-0.03500000014901161,"z":-6.374000072479248},"Rotation":{"x":0.683012843132019,"y":0.18301314115524293,"z":-0.1830129772424698,"w":0.6830124258995056},"Scale":{"x":1.0,"y":1.0,"z":1.0},"PrefabPath":"Lever","IsActivated":false,"PostItText":"","CycleNum":1,"VoteNum":0,"EventInteractionsTofix":[],"EventInteractionsToBreak":[]},{"Name":"Kilometer","Position":{"x":0.0,"y":0.0,"z":0.0},"Rotation":{"x":0.0,"y":0.0,"z":0.0,"w":1.0},"Scale":{"x":1.0,"y":1.0,"z":1.0},"PrefabPath":"","IsActivated":false,"PostItText":"","CycleNum":1,"VoteNum":0,"EventInteractionsTofix":[],"EventInteractionsToBreak":[]}]}