{"MaxTime":395.0,"TaskAppearanceTimeInSec":{"x":330.3783264160156,"y":390.9611511230469},"FirstCycleStartTime":270.0,"CurrentTimeLeft":229.29025268554688}