{"MaxTime":330.0,"TaskAppearanceTimeInSec":{"x":230.01329040527345,"y":330.0},"FirstCycleStartTime":60.0,"CurrentTimeLeft":16.329069137573243}