{"CyclesBeforeEvent":1,"FirstGapCycleNum":1,"CycleRandomGap":{"x":2.0,"y":5.0},"interCycleMessages":[{"CyclesBefore":1,"Message":"STORM DETECTED NEXT CYCLE","MessageTimeInCycle":3.0,"MessageDuration":30.0,"MessageColor":{"r":0.0941176488995552,"g":0.007843137718737126,"b":0.007843137718737126,"a":1.0},"ScreenMaterial":{"instanceID":11424},"FmodEvents":[]},{"CyclesBefore":0,"Message":"STORM INCOMING","MessageTimeInCycle":5.199999809265137,"MessageDuration":20.0,"MessageColor":{"r":0.0941176488995552,"g":0.007843137718737126,"b":0.007843137718737126,"a":0.0},"ScreenMaterial":{"instanceID":11424},"FmodEvents":[]}]}