{"Name":"Temperature","CurrentState":0.5890185832977295,"FirstCycleState":0.6000000238418579,"Speed":-0.004000000189989805,"NeedThresholdToMaintain":true,"Threshold":0.009999999776482582,"FillingTime":13.0,"BaseMaterial":{"instanceID":0},"WarningMaterial":{"instanceID":0}}