{"MaxTime":124.11000061035156,"TaskAppearanceTimeInSec":{"x":39.169857025146487,"y":39.169857025146487},"FirstCycleStartTime":30.0,"CurrentTimeLeft":39.169857025146487}