{"MaxTime":124.11000061035156,"TaskAppearanceTimeInSec":{"x":24.02129554748535,"y":24.02129554748535},"FirstCycleStartTime":20.0,"CurrentTimeLeft":-0.09493023157119751}