{"MaxTime":400.0,"TaskAppearanceTimeInSec":{"x":330.89703369140627,"y":389.3687744140625},"FirstCycleStartTime":270.0,"CurrentTimeLeft":0.0}