{"MaxTime":124.11000061035156,"TaskAppearanceTimeInSec":{"x":33.7596549987793,"y":33.7596549987793},"FirstCycleStartTime":47.099998474121097,"CurrentTimeLeft":-0.2824364900588989}